{"graph_0": {"_type": "graph-file", "path": "media/graph/graph_0_summary_02aceb60.graph.json", "sha256": "02aceb60507059fa51268b8232fa34427ca627920346898596f2973621863517", "size": 103411}, "train_f1": 0.46494661921708186, "train_loss": 0.2479790385584008, "valid_acc": 0.5010989308357239, "train_acc": 0.46433666348457336, "valid_loss": 0.1486752784514165, "epoch": 1, "_step": 1, "valid_f1": 0.5010989010989011, "_timestamp": 1597193417.2264786, "_runtime": 346.8790371417999}
