{"graph_0": {"_type": "graph-file", "path": "media/graph/graph_0_summary_6e8b9b86.graph.json", "sha256": "6e8b9b86ebee8d1df32e5bd42c7c52ba7ca8a86809ad0f9250d6a9dc8005eadd", "size": 26637}, "valid_acc": 0.48630136251449585, "train_loss": 0.20363691050340146, "valid_loss": 0.1595747992736564, "valid_f1": 0.4871212121212121, "_runtime": 51.1840615272522, "train_f1": 0.4713235294117647, "train_acc": 0.47132354974746704, "_timestamp": 1600129992.014038, "epoch": 1, "_step": 1}
