{"graph_0": {"_type": "graph-file", "path": "media/graph/graph_0_summary_a9cd2100.graph.json", "sha256": "a9cd210093e55c532c58fde377c3c7e1861124ecffced44f4ba5bde0ef8fe855", "size": 51699}, "_runtime": 225.6787748336792, "_step": 1, "valid_f1": 0.7752525252525253, "valid_loss": 0.27014486793475817, "epoch": 1, "valid_acc": 0.7746835350990295, "_timestamp": 1597199071.6942456, "train_f1": 0.6066282420749279, "train_acc": 0.6060606241226196, "train_loss": 0.5208280729223983}
