{"graph_0": {"_type": "graph-file", "path": "media/graph/graph_0_summary_5f1acbb8.graph.json", "sha256": "5f1acbb849b9ded4ca8876a1a5bc4893fa2c27ab59be68609ee690d7aa05d85a", "size": 103355}, "train_loss": 0.1414984797769419, "train_f1": 0.6520833333333333, "valid_f1": 0.530232558139535, "_timestamp": 1597197882.4204032, "_runtime": 409.8681609630585, "_step": 2, "train_acc": 0.6520376205444336, "epoch": 2, "valid_acc": 0.5358401536941528, "valid_loss": 0.12323865571117289}
