{"graph_0": {"_type": "graph-file", "path": "media/graph/graph_0_summary_1412a450.graph.json", "sha256": "1412a450cf344e660d36e3fbd0805e58590a1812a9fedd6ee8335578e600a059", "size": 103419}, "train_loss": 0.06729432961740099, "valid_acc": 0.5010989308357239, "train_acc": 0.5328102707862854, "_runtime": 305.4789807796478, "_step": 3, "_timestamp": 1597195320.4687665, "epoch": 3, "valid_loss": 0.05081455910598839, "train_f1": 0.534424778761062, "valid_f1": 0.5010810810810811}
