{"graph_0": {"_type": "graph-file", "path": "media/graph/graph_0_summary_9d9ab42d.graph.json", "sha256": "9d9ab42de1016ccc975d63d5d79fbcb75620fbac0eea5239649d8667d68d61f7", "size": 103419}, "_step": 1, "valid_f1": 0.5010989010989011, "train_acc": 0.453281044960022, "_timestamp": 1597193834.6074722, "epoch": 1, "train_loss": 0.24440496174695658, "valid_loss": 0.1468300299985068, "train_f1": 0.4544483985765125, "_runtime": 344.967809677124, "valid_acc": 0.5010989308357239}
