{"graph_0": {"_type": "graph-file", "path": "media/graph/graph_0_summary_28479a0e.graph.json", "sha256": "28479a0e17ac5c4cdc2085bb15939e42ee12274c85370811840957cd09948705", "size": 103419}, "train_loss": 0.13182130774947703, "train_acc": 0.6453201770782471, "valid_f1": 0.530232558139535, "_step": 1, "_timestamp": 1597198243.589685, "epoch": 1, "valid_loss": 0.10748712986392504, "train_f1": 0.6443452380952381, "_runtime": 299.54813957214355, "valid_acc": 0.5358401536941528}
