{"graph_0": {"_type": "graph-file", "path": "media/graph/graph_0_summary_5d22d465.graph.json", "sha256": "5d22d465d0bd3fc3eb85f249adb0fca775301b0a25a0ae4e46854526f9330c0a", "size": 26630}, "valid_f1": 0.0, "epoch": 94, "train_loss": 0.12765167746692896, "train_acc": 0.8125, "_timestamp": 1600133079.5994213, "valid_acc": 0.0, "train_f1": 0.8285714285714286, "_runtime": 127.87391686439514, "_step": 94, "valid_loss": 0.4126695647384181}
