{"graph_0": {"_type": "graph-file", "path": "media/graph/graph_0_summary_66e48360.graph.json", "sha256": "66e48360d6205a0c1257d438959e2e799c8c8e41e3ea5bb3b1bc481fcb9d3c6a", "size": 103419}, "epoch": 2, "valid_acc": 0.7746835350990295, "train_loss": 0.08190037178958821, "valid_loss": 0.06260769653923903, "valid_f1": 0.7775000000000001, "_timestamp": 1597198567.6754043, "train_f1": 0.6414285714285715, "_step": 2, "train_acc": 0.6378066539764404, "_runtime": 164.37242722511292}
