{"graph_0": {"_type": "graph-file", "path": "media/graph/graph_0_summary_a108ce6c.graph.json", "sha256": "a108ce6c262b65ac71fc4fbad8f40c2e5b175a7bbd1bc011b095a2b4c5c48bb9", "size": 52594}, "epoch": 1, "valid_acc": 0.33105218410491943, "valid_loss": 0.351299138687124, "train_f1": 0.4592972181551977, "_runtime": 12614.940358400345, "train_acc": 0.45924949645996094, "valid_f1": 0.3312440645773979, "_step": 1, "_timestamp": 1596776900.142182, "train_loss": 0.1793042014453181}
